{
  "swagger" : "2.0",
  "info" : {
    "title" : "DummyHealthcareOps",
    "version" : "1.0.0",
    "description" : "DummyHealthcareOps"
  },
  "paths" : {
    "/createPatientProfile" : {
      "post" : {
        "operationId" : "postCreatePatientProfile",
        "responses" : {
          "200" : {
            "description" : "The operation was successful.",
            "schema" : {
              "$ref" : "#/definitions/PatientProfileRespone"
            }
          }
        },
        "consumes" : [ "application/json" ],
        "produces" : [ "application/json" ],
        "description" : "Insert a createPatientProfile",
        "parameters" : [ {
          "name" : "body",
          "in" : "body",
          "schema" : {
            "$ref" : "#/definitions/PatientProfileRequest"
          },
          "description" : "The request body for the operation",
          "required" : true
        } ]
      }
    },
    "/searchPatientProfile" : {
      "post" : {
        "operationId" : "postSearchPatientProfile",
        "responses" : {
          "200" : {
            "description" : "The operation was successful.",
            "schema" : {
              "$ref" : "#/definitions/SearchPatientList"
            }
          }
        },
        "consumes" : [ "application/json" ],
        "produces" : [ "application/json" ],
        "description" : "Insert a searchPatientProfile",
        "parameters" : [ {
          "name" : "email",
          "in" : "query",
          "type" : "string"
        }, {
          "name" : "phnNo",
          "in" : "query",
          "type" : "string"
        }, {
          "name" : "name",
          "in" : "query",
          "type" : "string"
        } ]
      }
    },
    "/bookAnAppt" : {
      "post" : {
        "operationId" : "postBookAnAppt",
        "responses" : {
          "200" : {
            "description" : "The operation was successful.",
            "schema" : {
              "$ref" : "#/definitions/BookAnApptResponse"
            }
          }
        },
        "consumes" : [ "application/json" ],
        "produces" : [ "application/json" ],
        "description" : "Insert a bookAnAppt",
        "parameters" : [ {
          "name" : "body",
          "in" : "body",
          "schema" : {
            "$ref" : "#/definitions/BookAnApptRequest"
          },
          "description" : "The request body for the operation",
          "required" : true
        } ]
      },
      "get" : {
        "operationId" : "getBookAnAppt",
        "responses" : {
          "200" : {
            "description" : "The operation was successful.",
            "schema" : {
              "type" : "array",
              "items" : {
                "$ref" : "#/definitions/BookAnApptRequest"
              }
            }
          }
        },
        "produces" : [ "application/json" ],
        "description" : "Retrieve bookAnAppt"
      }
    }
  },
  "basePath" : "/dummyhealthcareops/v1",
  "definitions" : {
    "PatientProfileRequest" : {
      "type" : "object",
      "properties" : {
        "name" : {
          "type" : "string"
        },
        "email" : {
          "type" : "string"
        },
        "phone" : {
          "type" : "string"
        },
        "dob" : {
          "type" : "string"
        },
        "message" : {
          "type" : "string"
        },
        "paitentID" : {
          "type" : "string"
        }
      }
    },
    "PatientProfileRespone" : {
      "type" : "object",
      "properties" : {
        "patientId" : {
          "type" : "string"
        }
      }
    },
    "SearchPatientList" : {
      "type" : "object",
      "properties" : {
        "PatientProfileRequest" : {
          "type" : "array",
          "items" : {
            "$ref" : "#/definitions/PatientProfileRequest"
          }
        }
      }
    },
    "BookAnApptRequest" : {
      "type" : "object",
      "properties" : {
        "name" : {
          "type" : "string"
        },
        "dob" : {
          "type" : "string"
        },
        "gender" : {
          "type" : "string"
        },
        "phoneno" : {
          "type" : "string"
        },
        "email" : {
          "type" : "string"
        },
        "appointmentdate" : {
          "type" : "string"
        },
        "time" : {
          "type" : "string"
        },
        "specialisttype" : {
          "type" : "string"
        },
        "specialityname" : {
          "type" : "string"
        }
      }
    },
    "BookAnApptResponse" : {
      "type" : "object",
      "properties" : {
        "status" : {
          "type" : "string"
        },
        "message" : {
          "type" : "string"
        }
      }
    }
  }
}